,,,,,,,,,,,,,,,,,,,,,,,,,,,,,,,,,,,,,,,,,,,,,,,,,,,,,,,,,,,,,,,,,,,,,,,,,,,,,,,,,,,,,,,,,,,,,,,,,,,,,,,,,,,,,,,,,,,,,,,,,,,,,,,,,,,,,,
,,,,,,,,,,,,,,,,,,,,,,,,,,,,,,,,,,,,,,,,,,,,,,,,,,,,,,,,,,,,,,,,,,,,,,,,,,,,,,,,,,,,,,,,,,,,,,,,,,,,,,,,,,,,,,,,,,,,,,,,,,,,,,,,,,,,,,
,04.01.2010,05.04.2010,06.07.2010,05.10.2010,03.01.2011,07.02.2011,01.03.2011,25.04.2011,04.05.2011,10.06.2011,11.07.2011,09.08.2011,16.09.2011,18.10.2011,08.11.2011,05.12.2011,17.01.2012,09.02.2012,12.03.2012,17.04.2012,11.05.2012,11.06.2012,05.07.2012,17.08.2012,07.09.2012,10.10.2012,01.11.2012,24.12.2012,14.01.2013,18.02.2013,07.03.2013,19.04.2013,08.05.2013,24.06.2013,17.07.2013,14.08.2013,25.09.2013,18.10.2013,01.11.2013,19.12.2013,07.01.2014,26.02.2014,28.03.2014,30.04.2014,28.05.2014,06.06.2014,04.07.2014,19.08.2014,19.09.2014,29.10.2014,26.11.2014,17.12.2014,22.01.2015,25.02.2015,09.03.2015,07.04.2015,22.05.2015,09.06.2015,15.07.2015,20.08.2015,10.09.2015,29.10.2015,18.11.2015,04.12.2015,13/01/2016,10/02/2016,14/03/2016,12/04/2016,17/05/2016,09/06/2016,19/07/2016,09/08/2016,14/09/2016,17/10/2016,16/11/2016,01/12/2016,11/01/2017,21/02/2017,20/03/2017,10/04/2017,11/05/2017,22/06/2017,12/07/2017,04/08/2017,05/09/2017,09/10/2017,14/11/2017,09/12/2017,21/01/2018,06/02/2018,07/03/2018,04/04/2018,05/05/2018,06/06/2018,08/07/2018,09/08/2018,29/09/2018,26/10/2018,02/11/2018,27/12/2018,14/01/2019,26/02/2019,01/03/2019,22/04/2019,17/05/2019,19/06/2019,19/07/2019,13/08/2019,11/09/2019,13/10/2019,14/11/2019,19/12/2019,10/01/2020,14/02/2020,04/03/2020,13/04/2020,20/05/2020,16.06.2020,20.07.2020,17.08.2020,23.09.2020,09.10.2020,13.11.2020,10.12.2020,21.01.2021,18.02.2021,16.03.2021,20.04.2021,18.06.2021,22.07.2021,18.06.20210.,22.09.2021,13.10.2021,08.11.2021
Ammonia-N,,,,,,0.368,0.15,,,,,,0.18,0.252,,05.12.2012,0.243,  BDL,0.64,0.152,0.146,0.188,0.126,  BDL,  BDL,  BDL,  BDL,  BDL,0.203,0.748,0.143,,  BDL,  BDL,  BDL,  BDL,  BDL,  BDL,  BDL,  BDL,  BDL,0.592,  BDL,  BDL,BDL,  BDL,  BDL,  BDL,  BDL,  BDL,  BDL,  BDL,  BDL,  BDL,  BDL,0.128,0.133,  BDL,  BDL,  BDL,  BDL,  BDL,  BDL,  BDL,0.102,BDL,BDL,0.141,0.129,BDL,BDL,BDL,BDL,BDL,BDL,BDL,BDL,0.141,BDL,BDL,0.144,BDL,BDL,BDL,BDL,,,,,,,,,,,,6.09,0.12,     BDL,0.41,0.37,2.31,0.41,0.29,0.24,0.32, BDL,0.18,0.43,   BDL ,0.48,0.32,0.16,0.66,0.43,,,0.3,0.12,0.1,0.26,0.22,0.3,0.4,0.5,0.21,0.222,0.232,0.26,0.25,0.16,0.32,0.13,0.13
Arsenic,,1.53,,,,,,1.357,,,,,,,,05.12.2013,,,,1.874,,,,,,,,,,,,2.05,,,,,,,,,,,,3.827,,,,,,,,,,,,  BDL,,,,,,,,,,,,BDL,,,,,,,,,,,,BDL,,,,,,,,,,,,,,,,,,,,,,,,              BDL,,,,,,,,,,,,,,,,,,,,,,,,,,,,,,
BOD,5.5,4.4,4.3,2.5,6.6,4.8,4.1,4.75,3.9,5.4,5.5,1.15,2.3,1.2,1.4,05.12.2014,1.4,0.6,4.3,1.4,0.5,4.6,5.2,3.6,3.8,3.35,4.2,2.8,2.6,3.2,6.5,6.2,5.4,4.1,2.9,2.4,3.2,2.8,4.45,3.1,2.8,3,2.8,1.8,1.2,2.1,2.4,2.1,1.8,2.2,1.8,1.9,2.1,1.7,2.8,1.5,2.2,1.45,1.2,2.3,1.9,3.5,2.1,1.6,2.15,1.8,1.85,4.3,2.3,2.3,1.4,1.3,1.9,6,2.7,3.1,3.1,3.6,2.4,3.4,2.8,2.4,1.9,2.5,2.9,3.2,3.9,3.4,3.9,6.78,2.8,2.8,4.8,3.09,5.09,6.32,2.8,3.4,3.1,2.8,2.4,3,2.8,16,2.3,1.5,2.8,1.6,1.4,1.2,1.4,1.4,1.6,2.2,2.1,1.8,2.3,1.5,1.27,1.26,1.1,1.2,1.01,1.2,1.4,1.5,1.1,1.21,1.05,1.6,1.2,1.6,1.5,1.9
Boron,,0.19,,,,,,1.262,0.042,,0.012,0.036,  NT,,,05.12.2015,  BDL,  BDL,  BDL,  BDL,0.016,0.011,  BDL,0.003,  BDL,0.005,0.001,  BDL,0.009,0.001,  BDL,0.004,0.001,0.004,0.003,0.019,0.002,0.006,  BDL,  BDL,  BDL,0.001,0.003,0.004,0.002,0.001,0.002,0.003,0.002,0.003,0.002,0.001,0.129,  BDL,0.006,0.006,0.007,0.007,0.019,0.021,0.004,0.002,  BDL,0.001,0.06,0.005,0.005,0.009,0.013,0.003,BDL,0.014,0.014,0.017,0.015,0.007,0.039,0.013,0.009,0.009,0.006,0.014,0.006,0.016,0.019,0.015,0.019,0.018,0.021,0.56,0.016,0.027,0.045,0.078,0.007,0.054,BDL,0.018,0.018,0.009,0.014,0.009,0.009,0.221,0.001,0.018,0.018,0.017,0.019,0.025,0.015,0.021,4.66,19.96,20.61, ,3.65,,,,,,,,,,,,,,,,BDL,
Calcium Hardness as CaCo3,,31.5,,,,16.8,17.14,,18.95,14.1,13.19,14.01,14.01,16,15.2,05.12.2016,5.6,,,,,,,,,,,,,,,,,,,,,,,,14.4,15.2,12.8,16,24,17.6,25.2,17.64,18.48,21,17.64,17.75,20.8,28.8,19.2,20.83,16.03,12.83,13.62,16.83,17.63,11.22,8.82,17.63,16.83,60,82,62,19.24,14.43,12.02,8.82,18.44,19.2,18.44,16.83,16.83,12.02,23.24,17.64,17.64,17.64,48,46,50,54,58,60,65,56,72.02,75.08,78.09,56.09,49.56,56.76,19.2,66,19.24,28.8,11.22,17.64,28.8,23.25,23.25,14.43,19.78,36,20.04,12.02,19.24,22.45,17.64,18.43,20.04,14.43,16.83,14,8,9.5,7.65,12.2,16,11,10,15.2,9.2,6.25,16,12.2,6.41,13.2,14.2,15.3
Cadmium,,,,,,,,0.197,,,,2.99,,,,05.12.2017,,,,  NT,,,,,,,,,,,,  BDL,,,,,,,,,,,,  NT,,,,,,,,,,,,  BDL,,,,,,,,,,,,BDL,,,,,,,,,,,,BDL,,,,8.81,,,,,,,,,,,,,,,,,,,,         BDL,,,,,,,,,,,,,,,,,,,,,,,,,,,,,,
Chloride,,10,,,,6.9,6,,,,2.94,2.99,,3.77,6.6,05.12.2018,5.8,8.74,9.78,8.81,7.83,9.78,4.68,6.7,6.7,6.7,6.7,8.61,13.4,22.01,8.61,8.61,10.76,7.82,14.67,12.44,12.72,5.87,5.87,6.85,5.87,4.89,3.99,12.72,6.84,12.72,10.76,5.87,4.89,7.83,6.84,7.83,7.99,10.76,9.78,18.73,7.82,9.78,10.76,7.82,14.67,11.74,20.55,12.7,9.78,13.69,16.63,7.82,10.76,12.72,14.68,12.72,19.57,19.57,23.48,25.44,26.42,31.31,10.76,10.76,8.81,9.78,12.72,8.81,7.65,6.09,7.89,8.02,8.32,9.03,21.53,24.78,32.09,34.09,67.932,76.891,12.54,14.46,14.68,15.65,12.72,13.49,15.65,75.34,12.72,19.56,15.65,10.76,16.58,16.58,8.81,11.74,7.83,19.96,9.78,12.72,22.5,8.5,5.1,3.98,4.21,4.45,6.8,5.5,5.5,6.9,3.58,4.44,5.2,6.6,7.65,5.9,6.3,6.2
COD,,32,,,,15,13.44,13,,19,16,25.92,12.04,4.92,11.52,9,12,6.5,6.72,2.64,2,6.72,23.04,42.24,13.8,16.64,8.32,11.44,11,45.76,18,13,12.88,59,24.84,16.72,12.64,19.36,6,7.68,5.52,17.36,14.56,14.4,17,23,11.44,15.36,12.48,7.36,14.2,5.28,10,6.72,8.16,6.24,13.52,5.2,15.6,42,13,15.36,11.52,10.56,17,13.8,10,15.36,13.44,13.52,9.6,7.36,8,,3.12,17,34,19.2,35,20,10,18,30,26,34,39,42,48,50,58,18,29,30,40,54,78,30,39,48,39,41,37,39,72,14,16.3,21.16,28.24,32.29,36,48,53,51,21,24,24,28,9.5,7.8,5.22,4.98,5.5,9,8.2,11,8,9.9,4.92,7.5,9.8,8,10,5.2,10
Conductivity,168.8,168.3,97,129,,156.1,165.7,179,176,122.5,106.2,118.8,125.7,136.7,144.3,150,160.8,168.8,194,206,210,211,131,131,134,145,135,160,192,244,189,204,191,150,127,132,147,146,145,161,164,183,187,194,139,208,179,104,129,151,157,150,160,178.9,185,192,183.4,172.3,130,172.3,197.4,63.32,151.6,146.6,148.6,161.7,188.6,184.2,193.7,142.2,119.1,167.9,201.6,,200.5,98.76,170.1,185.1,210.1,157.7,215.9,84.45,129.4,96.71,135,145,154,256,270,300,214.02,345.09,342.09,457.02,765,542,123.6,163.4,154.9,149.8,158.2,151.2,149.8,210.1,167,119.8,112.6,158.7,141,119.8,93.2,122.8,119.3,1467,110.2,65.24,110,146,159,148,138.5,151.2,133,145,152,138.4,149,160.5,145,151.2,141,137.2,140,150.8
Dissolved O2(DO),7,7.3,7.3,7.3,7.4,8,7.9,7.7,6.9,6.6,6,7.6,6.1,7,6.9,,7.8,7,6.4,6.8,6.3,6,7,6.8,6.6,6.6,6.7,7.9,8.8,7.9,7.3,7.8,7.4,7.2,6.8,7.3,7.2,7.4,6.8,7.2,8,7.2,7.4,7.2,7.2,7.8,6.8,7.2,6.9,7.2,7.2,6.8,7.2,7.8,8.9,8.2,5.8,6.1,6.9,6.3,5.5,6.3,6.3,6.5,7.3,8.7,5.7,7.3,3.3,4.8,6.2,7.1,6.1,5.4,5.3,6.5,8,6.5,6.2,112,7.6,6.9,6.8,7,7.89,8,8.08,9.76,10.5,10.8,6.02,9.02,9.87,4.89,8.09,7.32,6.9,7.2,6.8,5.4,6.9,6.5,5.4,5.8,5.2,7.2,7.2,7.4,6.7,6.8,6.8,6.8,6.9,6.9,7.1,7.8,6.5,7.4,7.2,6.85,6.8,6.92,7.01,6.35,6.6,6.8,7.5,6.3,7.1,7.5,6.8,7.1,6.9,6.2
Fecal Coliform,4000,4000,8000,11000,8000,130000,,170000,140000,60000,70000,210000,70000,27000,,,17000,8000,4000,14000,17000,130000,17000,14000,14000,11000,7000,4000,2000,1400,14000,8000,11000,14000,17000,8000,8000,2600,8000,5000,3000,1400,2700,1700,2600,1700,3400,3400,7000,5000,7000,5000,4000,5000,4000,2600,1300,2700,1400,2200,5000,3000,9000,4000,7000,22000,40000,11000,22000,17000,1700,2100,17000,22000,30000,9000,7000,22000,17000,14000,21000,14000,700,6000,500,800,700,14000,12000,21000,11000,18000,14000,65000,56000,32000,5000,7000,8000,14000,9000,11000,14000,170000,13000,8000,9000,12000,9000,6000,4000,7000,9000,12000,1400,2200,2100,19000,21000,25000,17000,21000,18000,24000,25000,19000,21000,20000,17000,25000,22000,16000,18000,16000
Fluoride,,0.24,,,,0.401,0.47,0.201,,0.2,,,0.073,0.109,,,,0.128,0.125,0.118,0.251,,0.11,0.115,0.114,0.133,0.14,0.178,0.229,0.269,0.231,0.306,0.34,  BDL,0.112,  BDL,0.136,  BDL,0.105,0.12,0.138,0.107,0.432,0.343,  BDL,0.214,0.143,  BDL,0.102,0.103,0.142,0.19,0.249,0.209,0.203,0.246,0.211,0.223,  BDL,0.109,  BDL,0.171,0.129,0.167,0.302,0.198,0.159,0.251,0.224,0.202,0.119,BDL,0.147,0.102,0.141,0.195,0.177,0.227,0.286,0.299,0.862,0.131,0.105,0.368,0.329,0.432,0.56,0.21,0.43,0.56,0.34,0.45,0.49,0.54,0.65,0.451,0.13,0.21,0.14,0.25,   BDL,0.3,0.25,0.23,0.3,0.26,0.14,     BDL,     BDL ,0.15,0.18,0.25,0.26,0.35,0.34,,,,,,,,,,0.233,0.11,0.198,0.231,0.222,0.214,0.191,0.2,0.199,0.2
Iron,,1.14,,,,,,1.051,,,,,,,,,,,,0.477,,,,,,,,,,,,0.38,,,,,,,,,2.88,2.3,2.3,0.155,,,,,,,,,,,,  BDL,,,,,,,,,,,,0.86,,,,,,,,,,,,0.59,,,,,,,,,,,,,,,,,,,,,,,,                BDL,,,,,,,,,,,,,,,,,,,,,,,,,,,,,,
Magnesium Hardness as CaCo3,,21,,,,2.5,,3.93,,,,,4.42,,,,,,,,,,,,,,,,,,,,,,,,,,,,0.24,0.04,0.8,4.61,1.73,6.34,1.67,4.87,6.3,1.81,3.02,5.87,4.03,5.76,2.25,3.36,5.28,4.8,1.68,3.92,4.48,6.72,1.27,2.3,10.3,3.46,11.52,5.76,12.09,6.91,2.88,4.03,5.76,5.76,1.73,5.76,4.61,2.88,2.88,11.52,4.61,2.31,2.88,1.15,1.56,2.09,3.65,6.32,6.58,8.9,7.2,2.9,7.98,5.04,3.03,8.04,2.25,3.36,12.9,5.76,6.72,4.61,5.76,6.91,6.34,12.09,3.93,28,2.3,2.88,5.76,6.34,10.94,8.64,2.88,12.09,10.94,,,,,,,,,,,,,,,,,
Nitrate-N,0.62,0.17,0.36,0.17,0.25,,0.08,,,0.45,,,,0.33,0.32,,0.1,0.27,0.1,0.22,0.23,1.26,0.45,0.43,0.45,1.01,0.37,0.11,0.16,0.07,0.66,0.15,0.17,0.95,0.33,0.82,0.37,0.48,0.59,0.17,6.83,6.81,7.68,,2.2,2.2,0.7,0.83,0.93,0.42,0.34,0.26,0.34,0.6,0.02,0.92,0.57,0.46,0.44,0.58,0.49,0.48,0.5,0.15,0.15,0.27,0.28,0.29,0.31,0.56,0.29,0.24,0.22,0.45,0.43,0.51,0.63,0.63,0.63,0.6,0.67,0.65,0.59,0.54,0.67,0.87,0.67,0.54,0.89,0.67,0.52,0.87,0.67,0.45,0.65,0.32,0.56,0.45,0.13,0.32,0.6,0.1,0.32,0.8,0.1,0.32,0.26,2.31,2.16,2.08,0.63,0.62,1.11,1.44,2.09,,,0.21,0.14,0.2,0.23,0.12,0.22,0.13,0.12,0.14,0.25,0.3,0.13,0.11,0.2,0.23,0.11,0.23
pH,7.19,7.21,7.1,6.97,6.95,,,6.96,,6.95,,6.98,7.26,,7.04,,7.19,7.18,6.94,7.08,6.82,7.31,7.28,7.23,7.44,7.25,8.06,7.81,8.24,7.51,8.37,8.78,7.7,7.44,7.19,6.89,7.24,8.19,7.68,7.81,  NIL,  NIL,  NIL,7.83,7.6,8.18,7.8,7.58,7.28,8.4,7.1,7.33,7.87,7.49,7.46,6.89,7.13,7.17,6.85,7.27,7.43,7.1,7.31,6.92,7.2,7.36,0.28,7.26,7.31,7.36,7.03,7.13,6.5,7.9,7,6.74,7.21,7.45,6.97,7.35,6.9,7.27,7.51,6.74,6.98,7.02,7.89,6.76,7.15,7.56,8.16,7.45,6.89,5.56,4.89,6.32,7.46,6.98,6.98,6.8,6.08,6.9,6.8,6.68,7.22,7.91,1.26,7.43,7.8,7.2,6.89,6.87,6.82,7.11,7.26,7.4,7.4,6.99,7.01,7.02,6.98,7.01,7.22,7.11,6.98,7.19,7.11,7.03,7.02,7.1,7.06,7.01,6.91,7.2
Phosphate-P,,0.06,,,,0.169,,,,,0.016,0.148,0.05,0.03,0,,0.1,0.06,0.036,0.056,0.026,0.072,0.079,0.067,0.106,0.022,0.039,0.124,0.205,0.081,0.105,0.105,0.076,0.045,0.143,0.081,0.073,0.024,0.088,0.058,0.051,0.057,0.025,0.074,0.186,0.093,0.062,0.265,0.014,0.045,0.063,0.03,0.245,0.069,0.092,0.075,0.075,0.209,0.184,0.113,0.102,0.062,0.218,0.027,0.207,0.089,7.48,0.088,0.015,0.067,0.005,0.003,0.014,0.005,0.011,0.01,0.183,0.006,0.002,0.006,0.044,0.009,0.005,0.027,0.193,0.231,0.342,0.019,0.056,0.089,0.021,0.024,0.078,0.567,0.321,0.564,BDL,0.005,0.006,0.002,0.241,0.091,0.002,0.037,0.004,0.294,0.232,0.011,0.019,0.016,0.02,0.016,0.02,0.003,0.003,0.003,0.004,0.022,0.019,0.021,0,0.021,0.011,0,0.02,0,0.01,0.0231,0.002,0,0.02,0.001,0,0
Potassium,,4,,,,5,4.92,4,,3,3,3,2,3,4,,4,4,5,4,4,5,3,3,2.75,3,3.82,8.58,8,6.88,4.71,4,3.73,2.35,2.35,2.78,2.34,2,1.35,4,3,5,4,4,17,10,4,3,3,3,3,3,4,4,2,5,5,5,4,3,3,5,5,4,5,4,5,2,4,4,3,4,4,4,3,4,10,5,4,4,6,6,4.3,2.38,2.62,2.98,3.45,4.22,5.21,6.78,BDL,9.9,6.89,8.76,4.76,9.43,2.82,3.68,2.81,5.4,4,4.39,5.4,7.6,4.8,4.4,3.2,2.3,3.8,7,3.7,4,4.2,5,2.8,6.1,3.8,3.66,3.45,4,3.33,3.98,4,3.22,3,3.97,3.2,4,3.99,3.01,3,4,2.3,2
Sodium,,14.3,,,,8.65,10.19,10.91,,4.85,2.5,4.79,1.81,,7.38,,10.59,11.58,11.58,10.59,13.54,12.56,12.56,6.67,5.37,6.67,6.78,9.72,10,20.89,7.19,9.78,10.99,3.91,6,6.38,6.34,5.37,7.38,13.53,6.67,10.39,9.39,9.39,18.56,12.28,10,6,4,8,9.61,8,10,11.4,11,9.39,9.39,10,8,5,6,7,8,13,11,9.39,11.4,9,14,12,8,5,10,10,9,11,14.42,10,10,12,13,12,5.6,5.15,5.39,6.05,6.98,7.02,7.89,8.02,9.62,5.27,7.09,5.67,4.98,5.32,9.78,12.76,10.89,48.8,13.22,10.95,48.8,227,2.8,9.3,9.15,10.15,9.2,0.4,5.8,7.1,    BDL ,9.4,9.6,0.04,6.4,8.55,9.2,7.44,8,8.23,8.5,7.22,8.55,8.21,9.3,8.22,7.45,8.66,7.38,8.02,7.21,8.65
Sulphate,,11.1,,,,1.18,4.79,1.51,1.41,2.99,0.071,0.212,8.38,,9.48,,13.82,14.96,13.03,15.68,19.39,22.83,12.66,10.31,15,12.81,9.58,15.09,17.67,31.85,13.13,16.51,21.29,16.33,11.27,9.99,14.38,11.49,11.88,11.67,11.38,15.92,18.13,14.6,12.98,22.71,15,13.07,13.28,16.13,11.69,15.25,42.26,0.97,17.94,20,20.31,15.93,12.79,10.48,13.42,16.06,16.9,25.78,21.09,12.76,34.48,21.5,14.77,11.78,6.36,7.75,8.66,6.77,8.06,11.79,8.48,10.08,15.59,7.36,6.42,7.85,6.41,6.41,8.39,8.58,8.78,9.23,9.89,10,14.76,15.78,17.78,25.09,34.65,43.78,8.08,13.47,13.39,10.52,4.85,11.47,,15.43,17.05,13.65,15.76,15.17,18.13,15.18,11.54,15.32,16.33,18.52,16.54,10.88,14.78,11.22,12.66,11,9.85,10.25,12.01,10,10.2,9.85,12.21,11.23,9.2,11.2,8.99,9.45,10.2,
Temperature,14,26,29,30,20,20,27,24,21,31,28,29,27,29,28,27,21,24,25,30,28,28,27,30,25,29,26,21,19,20,24,24,23,24,29,30,27,29,22,19,20,18,24,24,20,30,30,25,25,28,25,20,18,28,25,22,34,31,26,28,31,28,20,20,14,22,25,29,26,27,26,29,30,24,26,21,25,21,22,30,28,24,24,27,32,41,54,60,64,39,23,46,54,67,54,67,31,30,29,18,21,22,10.52,26,24,30,23,29,29,29,27,22,20,22,24,27,24,22,28,21,27,26,25,22,24,24,27,25,21,28,23,28,22,22
Total Alkalinity,,66,,,,72,62,64,62,44,42,44,50,52,50,56,24,72,64,66.5,68.4,60.8,36.1,51.3,68.4,53.2,57,60.8,62.7,77.9,53.2,64.6,66.5,48,42,48,64,54,52,60,54,68,70,94,84,76,60,68,50,62,40,66,72,80,64,74,70,34,52,52,82,34,76,48,82,106,80,70,84,62,50,66,70,72,76,62,82,102,114,70,64,66,48,57,60,64,70,52,60,67,76,80,56,56,98,78,64,54,,24,72,62,24,100,80,84,52,56,    NIL ,80,   NIL ,84,76,   NIL ,84,84,76,39,51,56,44,47,55,42,39,53,49,52,48,50,41,32,44,32
Total Coliform,8000,8000,11000,14000,14000,340000,210000,210000,200000,195000,165000,"  39,0000",85000,110000,70000,22000,27000,11000,26000,17000,30000,240000,220000,80000,110000,70000,50000,30000,21000,11000,50000,30000,50000,22000,22000,14000,24000,6000,14000,11000,8000,9000,8000,5000,7000,5000,9000,11000,22000,17000,14000,17000,22000,28000,17000,8000,3000,13000,5000,8000,11000,14000,33000,17000,33000,70000,110000,70000,70000,50000,3300,2100,33000,80000,70000,34000,22000,70000,50000,70000,90000,60000,11000,15000,22000,25000,21000,52,25000,21000,0,23000,32000,45000,54000,65000,11000,17000,17000,34000,21000,26000,34000,350000,50000,40000,33000,33000,22000,14000,11000,17000,14000,34000,9000,8000,11000,29000,52000,45000,47000,48000,36000,30000,31000,36000,51000,28000,44000,38000,24000,28000,36000,40000
Total Dissolved Solids(TDS),,112,,,,108,108,106,100,148,30,90,  ,126,30,118,160,152,150,124,171,170,390,137,96,44,66,98,164,182,138,110,117,109,116,130,98,84,58,60,44,110,110,161,87,82,382,80,98,107,94,130,89,130,136,108,150,124,124,144,98,125,85,126,129,149,187,154,110,101,46,83,136,248,137,96,88,64,102,112,198,70,158,110,285,298,300,103.5,189,200,148,210,310,450,320,450,110,110,138,189,,98,189,185,112,142,110,96,82,102,96,88,92,234,110,78,114,158,155,133,148,146,159,129,118,160,151,145,122,144,150,126,111,120
Total Fixed Solids(TFS),,80,,,,150,26,146,88,278,152,102,120,84,22,24,148,116,104,92,146,98,290,130,60,88,132,140,118,104,120,150,26,50,410,100,20,52,22,46,96,42,88,112,54,74,288,100,100,84,48,76,12,88,74,12,166,120,1036,1112,134,198,90,102,128,142,184,118,54,312,232,142,236,176,70,136,6,88,262,150,174,260,510,297,404,410,423,450,438,456,215,349,450,876,580,675,678,234,88,136,198,112,136,152,8,97,214,156,136,72,128,146,88,168,226,,64,52,39,43,50,66,75,39,101,49,58,37,45,65,85,36,54,132
Total Hardness as CaCo3,,52.5,,,,51.5,56,64.64,64.64,46.46,46.46,52.52,52.52,60,60,64,30,62,70,67.31,72,74.88,48,52,76,58,64,72,40.71,65.49,56.64,61.95,59.64,52,48,56,72,52,54,54,46,46,40,56,66,70,68.8,60.9,52.5,58.8,54.6,65,66,92,56,66,62,52,40,56,60,52,66,52,78,60,82,62,90,60,40,36,66,68,52,72,58,40,68,84,60,52,48,46,54,58,84,56,60,65,72,56,89,34,23,34,55,,90,92,32,60,,82,80,78,64.64,64,58,40,68,78,82,76,60,78,80,59,45,52,60,36,50,32,30,36,61,42,49,31,45,58,50,40
Total Kjeldahl Nitrogen(TKN),,1.99,,,,0.4,0.7,1,3.4,3.6,0.7,0.1,0.6,0.6,  BDL,  BDL,1.5,1,1.1,0.5,1.6,1.4,1.1,0.54,0.55,0.9,1,0.7,0.8,1.3,1.3,0.6,  BDL,0.5,  <0.50,0.8,0.7,0.7,0.5,0.6,0.7,0.6,0.6,0.5,0.5,0.5,0.6,0.5,0.51,0.56,0.57,0.52,0.52,0.54,  ,  ,  ,  ,  ,  ,  ,  ,  ,  ,,,,46,,,,,,,,,,,,,,,,,,,,,,,,,,,,,,,,,,,,,,,       NIL ,      NIL ,    NIL ,,,,,,,,,0.9,BDL,0.8,0.77,0.66,BDL,0.75,0.91,0.82,BDL,0.61,0.75,0.69,BDL,65,1.01,1.52
Total Suspended Solids(TSS),,36,,,,20,8,28,34,36,268,18,46,66,26,18,4,30,6,20,64,18,44,66,50,26,28,62,54,58,14,36,114,64,530,280,110,64,44,46,24,16,16,14,52,12,179,468,124,48,34,68,78,12,30,270,68,18,994,646,68,72,34,30,20,58,52,15.36,16,260,98,124,280,218,148,36,42,48,226,98,64,242,125,42,242,134,221,76,79,245,96,67,78,67,34,45,86,98,106,58,30,48,58,186,62,36,48,108,98,72,62,60,52,128,98,48,64,31,52,35,22,28,32,11,41,61,4,26,66,56,22,45,42,
Turbidity,,27.1,,,,19.5,11.3,,25.2,178,178,79.7,85.4,8.21,23,5.36,5.9,24.1,7.83,5.53,29.7,39.8,251,12.8,22.7,12.3,4.56,31.3,15.6,29.7,13.8,12.8,4.62,20.3,326,54.7,39.7,44.7,8.47,14.6,7.36,9.18,39.2,14.8,26.6,8.92,251,383,75.5,12.4,16.8,8.37,5.06,18.9,11.2,11.1,52.7,8.98,614,658,57.7,60.2,16,5.36,4.23,30.7,24.6,28.8,5.63,189,147,97.2,128,185,17.6,19.6,14.7,13.3,8.14,15.5,21.4,94,402,11.5,187,200,275,300,500,545,0.97,"0,67",0.54,0.65,0.76,0.31,528,20.2,1.2,18.8,0.65,9.36,18.8,7.18,7.78,5.34,86.5,60.2,130,7.2,2.66,21.3,14.6,31.6,29.3,,,13.5,18,12.25,16,14,17,15.5,11,22,8.2,12.2,23,5.9,6.62,21,9.61,52
a-BHC,,,,,,,,,,,,,,,,,,,,,,,,,,,,,,,,,NIL,,,,,,,,,,,,    NT ,,,,,,,,,,,,,,,,,,,,,,,,,,,,,,,,,,,,,,,,,,,,,,,,,,,,,,,,,,,,,,,,,,,,,,,,,,,,,,,,,,,,,,,,,
a-Endosulphan,,,,,,,,,,,,,,,,,,,,,,,,,,,,,,,,,  BDL,,,,,,,,,,,,    NT ,,,,,,,,,,,,,,,,,,,,,,,,,,,,,,,,,,,,,,,,,,,,,,,,,,,,,,,,,,,,,,,,,,,,,,,,,,,,,,,,,,,,,,,,,
Aldrin,,,,,,,,,,,,,,,,,,,,,,,,,,,,,,,,,  BDL,,,,,,,,,,,,,,,,,,,,,,,,,,,,,,,,,,,,,,,,,,,,,,,,,,,,,,,,,,,,,,,,,,,,,,,,,,,,,,,,,,,,,,,,,,,,,,,,,,,,,
Anilophos,,,,,,,,,,,,,,,,,,,,,,,,,,,,,,,,,  BDL,,,,,,,,,,,,     NT,,,,,,,,,,,,,,,,,,,,,,,,,,,,,,,,,,,,,,,,,,,,,,,,,,,,,,,,,,,,,,,,,,,,,,,,,,,,,,,,,,,,,,,,,
b-Endosulphan,,,,,,,,,,,,,,,,,,,,,,,,,,,,,,,,,  BDL,,,,,,,,,,,,      NT ,,,,,,,,,,,,,,,,,,,,,,,,,,,,,,,,,,,,,,,,,,,,,,,,,,,,,,,,,,,,,,,,,,,,,,,,,,,,,,,,,,,,,,,,,
Chlorpyriphos,,,,,,,,,,,,,,,,,,,,,,,,,,,,,,,,,  BDL,,,,,,,,,,,,      NT ,,,,,,,,,,,,,,,,,,,,,,,,,,,,,,,,,,,,,,,,,,,,,,,,,,,,,,,,,,,,,,,,,,,,,,,,,,,,,,,,,,,,,,,,,
Dieldrin,,,,,,,,,,,,,,,,,,,,,,,,,,,,,,,,,  BDL,,,,,,,,,,,,        NT,,,,,,,,,,,,,,,,,,,,,,,,,,,,,,,,,,,,,,,,,,,,,,,,,,,,,,,,,,,,,,,,,,,,,,,,,,,,,,,,,,,,,,,,,
"o,p-DDT",,,,,,,,,,,,,,,,,,,,,,,,,,,,,,,,,  NT,,,,,,,,,,,,        NT,,,,,,,,,,,,,,,,,,,,,,,,,,,,,,,,,,,,,,,,,,,,,,,,,,,,,,,,,,,,,,,,,,,,,,,,,,,,,,,,,,,,,,,,,
"p,p-DDT",,,,,,,,,,,,,,,,,,,,,,,,,,,,,,,,,  BDL,,,,,,,,,,,,          NT ,,,,,,,,,,,,,,,,,,,,,,,,,,,,,,,,,,,,,,,,,,,,,,,,,,,,,,,,,,,,,,,,,,,,,,,,,,,,,,,,,,,,,,,,,
BOD,,,,,,,,,,,,,,,,,,,,,,,,,,,,,,,,,  BDL,,,,,,,,,,,,16,,,,,,,,,,,,,,,,,,,,,,,,,,,,,,,,,,,,,,,,,,,,,,,,,,,,,,,,,,,,,,,,,,,,,,,,,,,,,,,,,,,,,,,,,
g-BHC,,,,,,,,,,,,,,,,,,,,,,,,,,,,,,,,,2.8,,,,,,,,,,,,     NT ,,,,,,,,,,,,,,,,,,,,,,,,,,,,,,,,,,,,,,,,,,,,,,,,,,,,,,,,,,,,,,,,,,,,,,,,,,,,,,,,,,,,,,,,,
Malathion,,,,,,,,,,,,,,,,,,,,,,,,,,,,,,,,,  BDL,,,,,,,,,,,,        BDL ,,,,,,,,,,,,,,,,,,,,,,,,,,,,,,,,,,,,,,,,,,,,,,,,,,,,,,,,,,,,,,,,,,,,,,,,,,,,,,,,,,,,,,,,,
Mercury,,,,,,,,,,,,,,,,,,,,,,,,,,,,,,,,,  BDL,,,,,,,,,,,,         BDL ,,,,,,,,,,,,,,,,,,,,,,,,,,,,,,,,,,,,,,,,,,,,,,,,,,,,,,,,,,,,,,,,,,,,,,,,,,,,,,,,,,,,,,,,,
